{
    "name": "zebra-accordion",
    "title": "Zebra_Accordion",
    "description": "A small-footprint (3 KB minified), easily configurable, fully customizable, cross-browser accordion jQuery plugin",
    "keywords": [
        "accordion",
        "collapse",
        "expand",
        "navigation",
        "panel",
        "ui"
    ],
    "version": "1.2.2",
    "author": {
        "name": "Stefan Gabos",
        "url": "http://stefangabos.ro/"
    },
    "maintainers": [
        {
            "name": "Stefan Gabos",
            "url": "http://stefangabos.ro/"
        }
    ],
    "licenses": [
        {
            "type": "LGPL",
            "url": "https://github.com/stefangabos/Zebra_Accordion/blob/master/license.txt"
        }
    ],
    "bugs": "http://stefangabos.ro/jquery/zebra-accordion/#how-to-use",
    "homepage": "http://stefangabos.ro/jquery/zebra-accordion/",
    "docs": "http://stefangabos.ro/jquery/zebra-accordion/#how-to-use",
    "download": "http://stefangabos.ro/jquery/zebra-accordion/#download",
    "dependencies": {
        "jquery": ">=1.5.2"
    }
}